[
  {
    "id": "b03fb42b-7d91-48c7-aea1-852745a0bb94",
    "title": "dddd",
    "assignedTo": "abhilash",
    "createdBy": "muniyapan",
    "status": "Completed",
    "peers": [
      "srikanth",
      "bhagath",
      "akshay"
    ],
    "peerApprovals": {
      "akshay": "approve",
      "srikanth": "approve",
      "bhagath": "approve"
    },
    "timeline": [
      {
        "when": 1760467773035,
        "by": "muniyapan",
        "action": "Assigned"
      },
      {
        "when": 1760467789310,
        "by": "abhilash",
        "action": "PeerReview",
        "note": ""
      },
      {
        "when": 1760467808933,
        "by": "akshay",
        "action": "PeerApproved"
      },
      {
        "when": 1760467819569,
        "by": "srikanth",
        "action": "PeerApproved"
      },
      {
        "when": 1760467828127,
        "by": "bhagath",
        "action": "PeerApproved"
      },
      {
        "when": 1760468298003,
        "by": "muniyapan",
        "action": "GraphicalReview",
        "note": ""
      },
      {
        "when": 1760468298003,
        "by": "muniyapan",
        "action": "Moved to TechnicalReview"
      },
      {
        "when": 1760468687115,
        "by": "srimugan",
        "action": "Completed",
        "note": ""
      }
    ],
    "awaitingCorrectionsFromCreator": false
  },
  {
    "id": "244ad2fa-cabf-43b0-9044-07a4d50f3263",
    "title": "ccccc",
    "assignedTo": "akshay",
    "createdBy": "muniyapan",
    "status": "GraphicalReview",
    "peers": [
      "srikanth",
      "bhagath",
      "abhilash"
    ],
    "peerApprovals": {
      "abhilash": "approve",
      "srikanth": "approve",
      "bhagath": "approve"
    },
    "timeline": [
      {
        "when": 1760467605249,
        "by": "muniyapan",
        "action": "Assigned"
      },
      {
        "when": 1760467631075,
        "by": "akshay",
        "action": "PeerReview",
        "note": ""
      },
      {
        "when": 1760467641595,
        "by": "abhilash",
        "action": "PeerApproved"
      },
      {
        "when": 1760467652217,
        "by": "srikanth",
        "action": "PeerApproved"
      },
      {
        "when": 1760467672666,
        "by": "bhagath",
        "action": "PeerApproved"
      },
      {
        "when": 1760467684336,
        "by": "muniyapan",
        "action": "GraphicalReview",
        "note": ""
      }
    ],
    "awaitingCorrectionsFromCreator": false
  },
  {
    "id": "443cd423-acf4-413f-9f7f-53164514443c",
    "title": "bbbbb",
    "assignedTo": "bhagath",
    "createdBy": "muniyapan",
    "status": "GraphicalReview",
    "peers": [
      "srikanth",
      "akshay",
      "abhilash"
    ],
    "peerApprovals": {
      "srikanth": "approve",
      "akshay": "approve",
      "abhilash": "approve"
    },
    "timeline": [
      {
        "when": 1760466914769,
        "by": "muniyapan",
        "action": "Assigned"
      },
      {
        "when": 1760466926268,
        "by": "bhagath",
        "action": "PeerReview",
        "note": ""
      },
      {
        "when": 1760466955012,
        "by": "srikanth",
        "action": "PeerApproved"
      },
      {
        "when": 1760466967033,
        "by": "akshay",
        "action": "PeerApproved"
      },
      {
        "when": 1760466981026,
        "by": "abhilash",
        "action": "PeerApproved"
      },
      {
        "when": 1760466999650,
        "by": "muniyapan",
        "action": "GraphicalReview",
        "note": ""
      }
    ],
    "awaitingCorrectionsFromCreator": false
  },
  {
    "id": "c046c665-ea4b-4737-836d-d3ca8830b55d",
    "title": "aaaa",
    "assignedTo": "srikanth",
    "createdBy": "muniyapan",
    "status": "GraphicalReview",
    "peers": [
      "bhagath",
      "akshay",
      "abhilash"
    ],
    "peerApprovals": {
      "bhagath": "approve",
      "abhilash": "approve",
      "akshay": "approve"
    },
    "timeline": [
      {
        "when": 1760466506728,
        "by": "muniyapan",
        "action": "Assigned"
      },
      {
        "when": 1760466523567,
        "by": "srikanth",
        "action": "PeerReview",
        "note": ""
      },
      {
        "when": 1760466541255,
        "by": "bhagath",
        "action": "PeerApproved"
      },
      {
        "when": 1760466560951,
        "by": "abhilash",
        "action": "PeerApproved"
      },
      {
        "when": 1760466575789,
        "by": "akshay",
        "action": "PeerApproved"
      },
      {
        "when": 1760466609832,
        "by": "muniyapan",
        "action": "GraphicalReview",
        "note": ""
      }
    ],
    "awaitingCorrectionsFromCreator": false
  }
]